{
	"class_name" : "PinholeCameraParameters",
	"extrinsic" : 
	[
		-0.71036817537925068,
		-0.020464920682952952,
		0.70353268753469778,
		0.0,
		-0.70376578217311736,
		0.007121759804729089,
		-0.71039637131642519,
		0.0,
		0.0095278145770505956,
		-0.99976520621530152,
		-0.01946158242952388,
		0.0,
		-0.00034173300819105047,
		0.00060407118731643783,
		3.7265370648862208,
		1.0
	],
	"intrinsic" : 
	{
		"height" : 1832,
		"intrinsic_matrix" : 
		[
			1586.5585397330919,
			0.0,
			0.0,
			0.0,
			1586.5585397330919,
			0.0,
			1511.5,
			915.5,
			1.0
		],
		"width" : 3024
	},
	"version_major" : 1,
	"version_minor" : 0
}