{
    "transform": [
        [
            1.0,
            0.0,
            0.0,
            2.366413116455078
        ],
        [
            0.0,
            1.0,
            0.0,
            -1.494712233543396
        ],
        [
            0.0,
            0.0,
            1.0,
            0.02484697848558426
        ]
    ],
    "scale": 0.3608947821012604
}